tweet,polarity,sentiment
AwwwthatsabummerYoushouldagotDavidCarrofThirdDaytodoitD,0.0,Neutral
isupsetthathecantupdatehisFacebookbytextingitandmightcryasaresultSchooltodayalsoBlah,0.0,Neutral
IdivedmanytimesfortheballManagedtosave50Therestgooutofbounds,0.0,Neutral
mywholebodyfeelsitchyandlikeitsonfire,0.0,Neutral
noitsnotbehavingatallimmadwhyamiherebecauseIcantseeyoualloverthere,0.0,Neutral
notthewholecrew,0.0,Neutral
heylongtimenoseeYesRainsabitonlyabitLOLImfinethankshowsyou,0.0,Neutral
Knopetheydidnthaveit,0.0,Neutral
springbreakinplaincityitssnowing,0.0,Neutral
Ijustrepiercedmyears,0.0,Neutral
IcouldntbeartowatchitAndIthoughttheUAlosswasembarrassing,0.0,Neutral
ItitcountsidkwhyIdideitheryounevertalktomeanymore,0.0,Neutral
iwouldvebeenthefirstbutididnthaveagunnotreallythoughzacsnydersjustadoucheclown,0.0,Neutral
IwishIgottowatchitwithyouImissyouandhowwasthepremiere,0.0,Neutral
Hollisdeathscenewillhurtmeseverelytowatchonfilmwryisdirectorscutnotoutnow,0.0,Neutral
abouttofiletaxes,0.0,Neutral
ahhivealwayswantedtoseerentlovethesoundtrack,0.0,Neutral
OhdearWereyoudrinkingoutoftheforgottentabledrinks,0.0,Neutral
iwasoutmostofthedaysodidntgetmuchdone,0.0,Neutral
oneofmyfriendcalledmeandaskedtomeetwithheratMidValleytodaybutivenotimesigh,0.0,Neutral
baristaIbakedyouacakebutIatedit,0.0,Neutral
thisweekisnotgoingasihadhoped,0.0,Neutral
blaghclassat8tomorrow,0.0,Neutral
IhatewhenIhavetocallandwakepeopleup,0.0,Neutral
JustgoingtocrymyselftosleepafterwatchingMarleyandMe,0.0,Neutral
imsadnowMissLilly,0.0,Neutral
oooohLOLthatleslieandokIwontdoitagainsolesliewontgetmadagain,0.0,Neutral
MehAlmostLoveristheexceptionthistrackgetsmedepressedeverytime,0.0,Neutral
some1hackedmyaccountonaimnowihavetomakeanewone,0.0,Neutral
IwanttogotopromoteGEARANDGROOVEbutunfornatelynoridethereImaybgoingtotheoneinAnaheiminMaythough,0.0,Neutral
thoughtsleepinginwasanoptiontomorrowbutrealizingthatitnowisnotevaluationsinthemorningandworkintheafternoon,0.0,Neutral
aweiloveyoutoo1amhereimissyou,0.0,Neutral
Icrymyasianeyestosleepatnight,0.0,Neutral
okImsickandspentanhoursittingintheshowercauseIwastoosicktostandandheldbackthepukelikeachampBEDnow,0.0,Neutral
illtellyathestorylaternotagooddayandillbeworkinforlikethreemorehours,0.0,Neutral
sorrybedtimecamehereGMT1,0.0,Neutral
IdonteitherItsdepressingIdontthinkIevenwanttoknowaboutthekidsinsuitcases,0.0,Neutral
BedClass812Work123Gym35or6Thenclass610AnotherdaythatsgonnaflybyImissmygirlfriend,0.0,Neutral
reallydontfeellikegettinguptodaybutgottostudytofortomorrowspracticalexam,0.0,Neutral
Hesthereasonfortheteardropsonmyguitartheonlyonewhohasenoughofmetobreakmyheart,0.0,Neutral
SadsadsadIdontknowwhybutIhatethisfeelingIwannasleepandIstillcant,0.0,Neutral
AwwwIsoowishIwastheretoseeyoufinallycomfortableImsadthatImissedit,0.0,Neutral
FallingasleepJustheardaboutthatTracygirlsbodybeingfoundHowsadMyheartbreaksforthatfamily,0.0,Neutral
YayImhappyforyouwithyourjobButthatalsomeanslesstimeformeandyou,0.0,Neutral
JustcheckedmyusertimelineonmyblackberryitlookslikethetwankingisstillhappeningArepplstillhavingprobswBGsandUIDs,0.0,Neutral
OhmanwasironingsfavetoptoweartoameetingBurntit,0.0,Neutral
isstrangelysadaboutLiLoandSamRobreakingup,0.0,Neutral
ohimsosorryididntthinkaboutthatbeforeretweeting,0.0,Neutral
BroadbandplanamassivebrokenpromiseviawwwdiigocomtautaoStillwaitingforbroadbandweare,0.0,Neutral
WowtonsofrepliesfromyoumayhavetounfollowsoIcanseemyfriendstweetsyourescrollingthefeedalot,0.0,Neutral
ourduckandchickenaretakingwayyytoolongtohatch,0.0,Neutral
PutvacationphotosonlineafewyrsagoPCcrashedandnowIforgetthenameofthesite,0.0,Neutral
NotsurewhattheyareonlythattheyarePoSAsmuchasIwanttoIdontthinkcantradeawaycompanyassetssorryandy,0.0,Neutral
Ihatewhenthathappens,0.0,Neutral
IhaveasadfeelingthatDallasisnotgoingtoshowupIgottasaythoughyoudthinkmoreshowswouldusemusicfromthegamemmm,0.0,Neutral
Ugh92degreestomorrow,0.0,Neutral
WheredidumovetoIthoughtuwerealreadyinsdHmmmRandomufoundmeGladtohearyerdoingwell,0.0,Neutral
Imissmyps3itsoutofcommissionWutchaplayingHaveyoucoppedBloodOnTheSand,0.0,Neutral
justleavingtheparkinglotofwork,0.0,Neutral
TheLifeiscoolButnotforMe,0.0,Neutral
SadlythoughIvenevergottentoexperiencethepostcoituscigarettebeforeandnowIneverwill,0.0,Neutral
IhadsuchanicedayToobadtheraincomesintomorrowat5am,0.0,Neutral
toobadIwontbearoundIlostmyjobandcantevenpaymyphonebilllmaoawshucks,0.0,Neutral
Dammbacktoschooltomorrow,0.0,Neutral
Mojobsnomoneyhowinthehellisminwagehere4fnclamsanhour,0.0,Neutral
NotforeverSeeyousoon,0.0,Neutral
AlgonquinagreedIsawthefailwhalealllllldaytoday,0.0,Neutral
OhHahadudeIdontreallylookatemunlesssomeonesaysHEYIADDEDYOUSorryImsoterribleatthatIneedapopup,0.0,Neutral
ImsureyourerightIneedtostartworkingoutwithyouandtheNiksterOrJaredatleast,0.0,Neutral
ireallyhatehowpeopledissmybandsTraceisclearlyNOTugly,0.0,Neutral
GymattiretodaywasPumasingletAdidasshortsandblackbusinesssocksandleathershoesLuckydidnotrunintoanycutegirls,0.0,Neutral
Whywontyoushowmylocation,0.0,Neutral
Nopicnicmyphonesmellslikecitrus,0.0,Neutral
MydonkeyissensitiveaboutsuchcommentsNeverthelesshedandmedbegladtoseeyourmugasapChargerisstillawol,0.0,Neutral
NonewcsitonightFML,0.0,Neutral
ithinkmyarmsaresorefromtennis,0.0,Neutral
wonderswhysomeonethatulikesomuchcanmakeyousounhappyinasplitsecconddepressed,0.0,Neutral
sleepsoonijusthatesayingbyeandseeyoutomorrowforthenight,0.0,Neutral
justgoturnewsletterthosefaresreallyareunbelievableshameIalreadybookedandpaidformine,0.0,Neutral
missintheboo,0.0,Neutral
DamnIdonthaveanychalkMYCHALKBOARDISUSELESS,0.0,Neutral
hadablastattheGettyVillabuthatesthatsheshadasorethroatalldayItsjustgettingworsetoo,0.0,Neutral
heymissedyaatthemeetingsupmama,0.0,Neutral
MytummyhurtsIwonderifthehypnosishasanythingtodowithitIfsoitsworkingIgetitSTOPSMOKING,0.0,Neutral
whyisitalwaysthefatones,0.0,Neutral
SorrybabeMyfamannoysmetooThankfullytheyreasleeprightnowMuahahaevillaugh,0.0,Neutral
Ishouldhavepaidmoreattentionwhenwecoveredphotoshopinmywebpagedesignclassinundergrad,0.0,Neutral
wednesdaymybdaydontknowwhat2do,0.0,Neutral
Poorcameronthehills,0.0,Neutral
prayformepleasetheexisthreateningtostartshatmyourbabies1stBirthdaypartywhatajerkandIstillhaveaheadache,0.0,Neutral
hmmdoureallyenjoybeingwithhimiftheproblemsaretooconstantsushouldthinkthingsmorefindsomeoneulike,0.0,Neutral
Striderisasicklittlepuppy,0.0,Neutral
soryleegracewanagostevespartyornotSADLYSINCEITSEASTERIWNTBABLE2DOMUCHBUTOHHWELL,0.0,Neutral
heyIactuallywononeofmybracketpoolsToobaditwasnttheoneformoney,0.0,Neutral
YOUdontfollowmeeitherandiworkforyou,0.0,Neutral
AbadniteforthefavoriteteamsAstrosandSpartansloseTheniteoutwithTWwasgood,0.0,Neutral
BodyOfMissingNorthernCalifGirlFoundPolicehavefoundtheremainsofamissingNorthernCaliforniagirl,0.0,Neutral
IhopetheywillincreasethecapacityfastyesterdaywassuchapainGotthefailwhale15timesin2hours,0.0,Neutral
Behindonmyclassesforwork,0.0,Neutral
watchingquotHousequot,0.0,Neutral
RemembermybumlegStrikesbackthistimeitsserious,0.0,Neutral
cooliwilltheirareallkindsofcomplaintsaboutthislaptoponlineaboutoverheatingbutnorecalls,0.0,Neutral
EmilywillbegladwhenMommyisdonetrainingathernewjobShemissesher,0.0,Neutral
wouldratherthefirstpartysendbadmessagesthanthe3rdpartysendmixedonesSophmoreyearalloveragain,0.0,Neutral
itsoverrated,0.0,Neutral
qiknowIhearditthisafternoonandwonderedthesamethingMoscowissobehindthetimes,0.0,Neutral
layinginbedwithnovoice,0.0,Neutral
ImsooosadtheykilledoffKutneronHousewhyyyyyyyy,0.0,Neutral
SorrytellthemmeaculpafrommeandthatIreallyamsorry,0.0,Neutral
itdidntmakeanysensetomethesuicidethingIrefusetobelievethatthatisactuallywhathappened,0.0,Neutral
DamnThegrindisinspirationalandsaddeningatthesametimeDontwantyoutostopcuzIlikewhatudoMuchlove,0.0,Neutral
yeahawbutiknowiwudntstandachance,0.0,Neutral
ughcantsleepits130am,0.0,Neutral
HanginginCroonersWannasingCantSucks,0.0,Neutral
sCaawimissyaalltooimleavingtoBHtomorrowquotmorningquotithinkawwiwannagotothebeachwugirls,0.0,Neutral
IspissedoffthattheresnoASBAsforaradiostation,0.0,Neutral
wednesdaymybdayndontknowwhat2do,0.0,Neutral
IknowmylifehasbeenflippedupsidedownwhenIjustthoughtinmyheadthatsomeRamensoundsgood,0.0,Neutral
IaminpainMybackandsideshurtNottomentioncryingismadeoffail,0.0,Neutral
LatenightsnackglassofOJbcImquotdownwiththesicknessquotthenbacktosleepughIhategettingsick,0.0,Neutral
butbutbutImnotabigfanoncamillabelle,0.0,Neutral
WAHIcantseeclipmustbeelstupidoworkfiltersCantwaittillIgetaputerSomethingelse2blameex4Hebrokemine,0.0,Neutral
ThisweekjustseemstogetlongerandlongerintermsofhowmuchIneedtodoandhowmuchImactuallygoingtogetdone,0.0,Neutral
EhhhdontWeathersgonnatakeaturnfortheuglytomorrow,0.0,Neutral
hahaitssocoooooldinthedandnobutyoushouldstillgototheshowtheydosomeincrediblestuff,0.0,Neutral
Hopingthetummyrumblesgoawaysoon,0.0,Neutral
NononoticeTheytoldmeIdbeworkingtomorrowandthenIcalledtheagencytofollowupandtheysaiditwasover,0.0,Neutral
almostbedtime,0.0,Neutral
ImmissingyoubabebutaslongasyouraliveImhappyYawwwnnImtiredmyloveimmatrytosleephopefullyyouhadaheadstart,0.0,Neutral
imisskennypowers,0.0,Neutral
ThankyouforlettingpeopleknowbutnowImsadthatthedirectmessageIgotwasntactuallyfromBridget,0.0,Neutral
andIndiamissedoutits100thTestvictoryn10thconsecutivewinwithoutaloss,0.0,Neutral
Iguessthatsanothen,0.0,Neutral
sadlyisgoingtobed,0.0,Neutral
ShametohearthisStephan,0.0,Neutral
heyimleavininthemorning,0.0,Neutral
Wasintendingtofinisheditingmy536pagenovelmanuscripttonightbutthatwillprobablynothappenAndonly12pagesareleft,0.0,Neutral
laidaroundtoomuchtodaynowmyheadhurts,0.0,Neutral
Istillhaventreadthe9thamp10thPrincessdiariesSavingFrancescamademecryattheendHmmthoseareeasybooks,0.0,Neutral
mynokia1110died,0.0,Neutral
MymommighthavebreastcancerwontfindoutanythingforLikeaweekImsoworried,0.0,Neutral
GoingtosleepHopingtomorrowisabetterday,0.0,Neutral
lolwishtheyunderstooddaylightsavingshasendedthoughandbreakfastisanhourlaterTheykeepwakingthekidsuptoo,0.0,Neutral
IdontunderstandIreallydont,0.0,Neutral
HEROESjustisntdoingitformethisseason,0.0,Neutral
Livingnotdowntownsureisntmuchfun,0.0,Neutral
NotcaloriewiseIwishjunkfoodwascaloriefreeIateathingofsourskittlesandabigasscherrycoke,0.0,Neutral
ManWorkisHard,0.0,Neutral
gettingsicktimeforsomehotteastudyingandthensleeeep,0.0,Neutral
GettingeyebrowswaxedMorepain,0.0,Neutral
Nophantasystaryesterdaygoingtowork,0.0,Neutral
OhJustgotallmyMacHeist30appssweetDidntgettheEspressoserialnothoughalthoughtheysaidtheysentitohwell,0.0,Neutral
PickedMichSttowinitallfromthegetgoWasfeelingprettygoodaboutthatpickallthewayupuntiltonightAslosttoo,0.0,Neutral
isalonedownstairsworking,0.0,Neutral
Ifeelbadfordoingit,0.0,Neutral
isitjustmeorshehatesanoopimeanseriouslysheskindameantohim,0.0,Neutral
yessprinthas4gonlyinbaltimoreandchicagosofar,0.0,Neutral
ImstuckawakeinthemiddleofthenightfortheseconddayinarowAndIfeltterribleyesterday,0.0,Neutral
Thanksforburstingmybubble,0.0,Neutral
Goingtoschoolsooncantfindanythingtoweargoshitssohard,0.0,Neutral
IwasseriousLOL,0.0,Neutral
IhadonmypageforsooooolongUntilitgotdeletedSaddayinhistory,0.0,Neutral
Crazywindtodaynobirding,0.0,Neutral
currentlyatwork,0.0,Neutral
GrrrmyipodsactingweirdtooJaihoandthinkingofyouarentplayingthefullsongsughh,0.0,Neutral
sendmetheDVDcosIhavemissedoutonheapsNOThappyaboutthat,0.0,Neutral
idontseethebigdealwiththiswebsite,0.0,Neutral
ImsosorryyourehavingtogothroughthisAgaintherapyfail,0.0,Neutral
Fartoooutofthewayforrailanyothertips,0.0,Neutral
ImnotstillupIswearWhydoIkeeplosinggaininglosinggainingtweepsSoheartwrenching,0.0,Neutral
TodayIrealizedIamtoogoodathidingthingsevenIcantfindit,0.0,Neutral
StayingatafriendshousehousesittingneighborsareSOloudhavingaparty,0.0,Neutral
dannyimupsetthatiwasntheretowatchthelivechatiwasinacarfor3hoursonatripimsooooupset,0.0,Neutral
Checkoutmymug,0.0,Neutral
Bordersclosedat10,0.0,Neutral
DownloadingNINsnewalbumquottheslipquotwhenthehelldidthiscomeoutImsobehindthetimesthesedays,0.0,Neutral
JustwokeupanalreadyhavewrittensomeemailIvetogoearlyatUniversitytodayasIhavetoteachat830AM,0.0,Neutral
iswatchingthehillanditsmakingmesad,0.0,Neutral
Somanychannelsyetsosoboringlazydayagainmayhavetofindahobby,0.0,Neutral
ImissmybuddyillbeinNYonthe25th,0.0,Neutral
lovethefrenchItellpeoplehereinthesouthimqtrfrenchandtheysnarlatmefrencharebeautifulpeople,0.0,Neutral
OppsAsIsaidIstillgotonedayremainandnowproblemcome,0.0,Neutral
IactivatedmySelfcontrolblockearlymeaningIcantcheckoutthenewQCRegularizingmyinternalclockismightbedifficultfb,0.0,Neutral
spencerisnotagoodguy,0.0,Neutral
WhataboutReesedyingonTTSCAndseasonfinalenextweek24boringMadamePresidentisacrazywoman,0.0,Neutral
IhatethelimitedletterstooHopeyouandtheguysarefineIprayformydogshesnotwell,0.0,Neutral
didntgetshitdonetodayimsoscrewed,0.0,Neutral
wanttsstogoout,0.0,Neutral
Isnotgoingtosleeptonite,0.0,Neutral
tooworriedandtiredtoposttonight,0.0,Neutral
couldntgetshitdonetodayimsoscrewed,0.0,Neutral
JobInterviewinCardifftodaywishmeluckGotabout3hourssleep,0.0,Neutral
YourshowiswhackWayworsethanwhackitswiggetywhack,0.0,Neutral
IreallydontthinkpeoplechoosetobethatwayButIthinkhechosenottoacceptmyfamilyshelpHemightbedeadbynow,0.0,Neutral
YouregoingtokillmebutIvenotseenDS9IvebeenwaitingtillIcandoitinonesolidweeksitting,0.0,Neutral
ithinkurrighthahaha45hrsnow,0.0,Neutral
ihatetoseethespartanssosad,0.0,Neutral
MymindandbodyareseverelyprotestingthisquotgettingupquotthingHadnightmarestoboot,0.0,Neutral
ImgointofollowusinceudidntLOLGOANGELS,0.0,Neutral
IthinkIwanttoreadsomebooksbutthelibrarydoesnthavethem,0.0,Neutral
MynapwasinterruptedsomanytimestodayGoingoutforJapanesewiththerentsagain,0.0,Neutral
KindoflongsforthebusthatshowsupattheendofGhostWorldrightnowUgh,0.0,Neutral
butthisiscanadacanadaisweirdweresupposedtogetsnowthroughwednesdayugh,0.0,Neutral
AwwhbabsyoulooksosadunderneiththatshopentranceofquotYesterdaysMusikquotOIlikethelookofthenewtransformermovie,0.0,Neutral
sadthatthefeetofmymacbookjustfelloff,0.0,Neutral
Imgonnagetuplatetomorrowandits132amhereIgonnagettipsybymylonesomeThatsthatsjustsad,0.0,Neutral
ImsweatingmyforthcomingtriptoE3IfIcantfindsomeonetocrashwithwhileImoutthereImaybescrewed,0.0,Neutral
Hasnowgottensomebodytoreadhistweetsbutcantgetthemtomakeanaccount,0.0,Neutral
omgawdicouldnthandlemycatbeinginheatallthetimeDD,0.0,Neutral
Ihopeicanmakeittotheauburnshowbutitsnotlookinggoodforme,0.0,Neutral
Henriethatspeoplemaghahaicouldntfititallinidontthinkthosepicturesevermadeitinthemagazinethohaha,0.0,Neutral
Congratsitotallyforgottosubmitphotos,0.0,Neutral
awwwGoodluckPaulaPleasedontworktoohardbutIhopeyouhavefunYournewalbumisgonnabeamazingxxx,0.0,Neutral
nowyourleavingmegetssad,0.0,Neutral
ImissyoutwitterMyphonebrokenowImusingastupidNokiaphoneUghhhImissmyadvancephone,0.0,Neutral
SHOOTINGOUTSIDEMYHOUSEONOTKIDDINGSoSCARED,0.0,Neutral
TuesdayllstartwithreflectionnthenalectureinStressreducingtechniquesThatsuremightbecomeveryusefulforusaccompaniers,0.0,Neutral
Whattragedyanddisasterinthenewsthisweek,0.0,Neutral
yesyesstilltryingtofindapicturethatwilluploadcorreclty,0.0,Neutral
WhyohwhywastheRedSoxgamerainedoutIwassolookingforwardtoopeningday,0.0,Neutral
Istillcantfindmykeys,0.0,Neutral
IknowrightIdunnowhatisgoingonwithtwitter,0.0,Neutral
mightbegettingasorethroatagain,0.0,Neutral
myhometownMymammycalledalldepressdPlsexplainyaparentlettheir8yroldchildwalkaloneHelloIts2009,0.0,Neutral
IthinkIneedtofindbetterantidepressantsIthinkthisPaxilWellbutrincomboislosingitsefficacy,0.0,Neutral
RestaurantcalledWoodNTaphascompetitiveeatingtourneyroundtourneytimeWeplace2nd,0.0,Neutral
isinthebathroomwakeuplakin,0.0,Neutral
iwanttacosandmargarhitastelllgayisayhellolt3,0.0,Neutral
imlonelykeepmecompany22femalecalifornia,0.0,Neutral
baddayatthebetfairoffice,0.0,Neutral
ImisshimCantwaittocelebratetheTarHeelwinthisweekendthough,0.0,Neutral
ImreallycoldIdontwanttogotosleepyetbuttheresnothingtodo,0.0,Neutral
isthisit4uItsofficiallyover4methisgoround,0.0,Neutral
monkeysijustfoundoutyoumytwinandyouwontevenwritebackimheartbroken,0.0,Neutral
omAwwIknowIfeltlikethatyesterdayatwork,0.0,Neutral
treatyisntdefined,0.0,Neutral
missedBrentatpraisebandNofuntonothavetheyourleadguitaristltpoutgt,0.0,Neutral
poorjohnthisiswhathappenswhenyouplaywithfruitandamicrowaveSeriouslythoughHAVEyouseenadoctorXxx,0.0,Neutral
MissingMyBFFwatchinghomeandawayitremindsmeofherandmewelt3Itshoutouttoucourts,0.0,Neutral
NewvideocardisDOA,0.0,Neutral
feelinglostnakedandconfusedJKsortofnoiphoneforme,0.0,Neutral
Damniamsolateatfillingthisappraisalformpeoplehavealmostsentitiwassooccupiedinwork,0.0,Neutral
missedBrentatpraisebandNofuntonothaveyourleadguitaristltpoutgt,0.0,Neutral
ithinktomuchonthepasticantchangeitideservedsomuchmorethenwatigotbutwhyamistillthinkingabouthimgah,0.0,Neutral
haslosthisringItsnowheretobeseen,0.0,Neutral
OooooohsealclapSeeIdownloadshitloadsofzipfoldersoff4chanIhavenointernetmoneysFUCKYEAHALICIAampMIKEY,0.0,Neutral
IsstillnursingmyNilebutgladheisfeelingbetterIhatewhenmybabyissick,0.0,Neutral
IsfuckedtogobacktoIC,0.0,Neutral
yoyoyomyinternethasbeenrudetonightitJUSTreconnectedandImabouttogotobed,0.0,Neutral
wellihaveunistuffandnetballbutafternetbalifivedoneunistuffwecan,0.0,Neutral
MetooIispoor,0.0,Neutral
helpmeforget8thaprilamp13thjuly,0.0,Neutral
dierksbentleyiscomintocolumbusOHiwannagosobad,0.0,Neutral
ihavetotakemysidekickback,0.0,Neutral
congratsImtotallyjealousonlywishmyXMwasworking,0.0,Neutral
gr8tmyfaceisveryitchy,0.0,Neutral
poorsocksluvvvvvthegoldenretrieverIwantonesighhhh,0.0,Neutral
IjustsawthattheyfoundthatTracygirlinapieceofluggageHowfuckingterrible,0.0,Neutral
Aaaaandthenauseaisback,0.0,Neutral
oohImexcitedandnotevengoing2betherelongloveYOUTUBE,0.0,Neutral
spent1hourtoreachtoAxisbankonlytofindouttodayisholidayforMahavirJayanticontd,0.0,Neutral
iagreethejobrosdontupdatetheresveryoften,0.0,Neutral
itishilariousandIlinkedtheclipfromLJsometimeagobutwhenIwentbackjustnowitwasadeadlink,0.0,Neutral
OOOOOOOOwhowithimnotneitherbutthatsbecauseineedtostudy,0.0,Neutral
HaventtweetednearlyalldayPostedmywebsitetonighthopefullythatgoeswellNighttime,0.0,Neutral
Imissbentley,0.0,Neutral
seriouslyneedstofinishthesejobapplications,0.0,Neutral
MysonVincasissicksoIstayathomeJustthreetensedaysatworkandIambackonholidaywithkids,0.0,Neutral
WhingingMyclientampbossdontunderstandEnglishwellRewrotesometextunreadableItswrittenbyvgoodwriterampreviewedcorrectly,0.0,Neutral
Idontwanthimtoeverpunchme,0.0,Neutral
sooosickofthesnowughh,0.0,Neutral
itdoesntworkyourfanisupset,0.0,Neutral
IwouldliketoapologizefortherepeatedVideoGamesLiverelatedtweetsIamgoingtohaveasterndiscussionwithKoodosoonStern,0.0,Neutral
buticantfigureouthowtogettherebackpayforahoteletc,0.0,Neutral
FMLSomuchforsenioritybcoftechnologicalineptnessInowhavetoquotregisterquotforclassesAGAIN,0.0,Neutral
feelslikeshesleptthedayawayNotlookingforwardtoanymoreboutswithmygallbladderAtleastIhavepillsnowforthepain,0.0,Neutral
butwhatIreallywantismyoldbassback,0.0,Neutral
MadtiredtodayCallinitinearlytonightnightynighttwittas,0.0,Neutral
Takeiteasyandbegoodtoyou,0.0,Neutral
ImafraidIhadbadcode,0.0,Neutral
ThinkImgoingtobedGoodniightIhatethis,0.0,Neutral
imherefriendandiloveyou,0.0,Neutral
AllthistimeyoudidntnoticeIwasgonejustneededDB2isit,0.0,Neutral
isinthebathroomandihavetopee,0.0,Neutral
butIwantedamargaritatoo,0.0,Neutral
yupnightworkoutsrtheworstbutunfortunetlymyworkscheduleonlyallowsmetogoatnightitstough,0.0,Neutral
JustcalledHillsongagaintheysaidtheycouldnttellmewhereIwasonthewaitinglistIdontknowifitslookingsogood,0.0,Neutral
has0gofmilkybarleftandaround200mlofcoke,0.0,Neutral
Itstillllllhasntarrived,0.0,Neutral
MraowIfeellikedancingbutfirstartschoolwantstorapemesomemore,0.0,Neutral
ahIbetitdoesIvebeenlikecravingtoplaysoftballorbasketballButIhavenootime,0.0,Neutral
Isterrifiedsheaccidentallydeletedareferenceinhermanagementassignmentandhopesshedoesntgetintroublewhenshegetsback,0.0,Neutral
amazons3pluginnotworkedinmywebsiteitneedPHP5butmyhostingproviderhasonlyPHP44verysad,0.0,Neutral
ArghIwassuuupersleepyanhouragonowImwideawakeHopeIdontstayupallnight,0.0,Neutral
IwishIwasSoldoutIfyouhavesometimeletmeknowIwouldlovetohearmoreaboutwhatyouareupto,0.0,Neutral
JustwatchedtropicthunderDreadingtomorrow,0.0,Neutral
nohesstillmissn,0.0,Neutral
ChiefDelphiisdown,0.0,Neutral
accordingtomybroournewpuppyhadapoofightandwascoveredinpooppicturestolenfromhim,0.0,Neutral
playinggameathomemynewbossdidntcallmeyet,0.0,Neutral
SuyinHuentweetedIfeelunbearableguiltImademystaffcry,0.0,Neutral
PoorJoshyissickthosedamntejanos,0.0,Neutral
MythoughtsarewithSandraCantusfamilyatthisdifficultandsadtime,0.0,Neutral
Iknowjustwantedtoleteverybodyknowwhatwashappening,0.0,Neutral
MichiganwhoIdontknowthemsighShameful,0.0,Neutral
ihavetofilltwohours,0.0,Neutral
socuuuteheyimissyounaitsnotthesamenotseeingyougirlseveryday,0.0,Neutral
OhDidImentionitquotGoooooodMoooorniiiiiiingquotfromGermanyImbackinmycageorbettermyoffice,0.0,Neutral
throatisclosingupandihadsomestringcheesenotagoodidea,0.0,Neutral
AwwSandraCantuisfounddeadinasuitcaseMissingchildrenstoriesneverseemtogogoodPoorfamily,0.0,Neutral
wishingiwashomeunderneathmycovers,0.0,Neutral
walkinghomefromschooldrainsallmyenergy,0.0,Neutral
IagreeTheshapeshiftingisacopoutIwassoexcitedforAngelasepIthoughtitwasthisweekNoahwasawesometho,0.0,Neutral
DangIwouldhavedonethisifIknewitwasthereearlierAnyotheroutingsplanned,0.0,Neutral
IwishIwasbetteratwritingItstakingmesolongtowritethispaper,0.0,Neutral
andofcourseIhaveaccesstomyHalo3MythicMapPackredownloadbutbadnewsnottheLegendaryMapPackugh600MS,0.0,Neutral
notyetunfortunatelyanotherfewweeksIvebeentoldHowareyouIvebeenalittlebitbusywithmylatestproject,0.0,Neutral
Hathesunsalreadygone,0.0,Neutral
day2alotharderthanday1letsseehowday3goestomorrow,0.0,Neutral
MymancrushJakePeavyletmedowngayforpeavy,0.0,Neutral
megafasttripyouhavetimeduringdaytomwedsOryougoingouttonightWanttoseeyoubadTriedtowarnyoutechfail,0.0,Neutral
michiganstateyoumakemesad,0.0,Neutral
omgmymouthisinsomuchpainijustwannasleepuntillitstimetotakemybracesoff,0.0,Neutral
gettingannoyedeasilytodaygtgtgtbiofuelproposalgettingannoyedeasilytodaygtgtgtbiof,0.0,Neutral
HeygirlThesiteisbackGirlyvueisbackandtheyhaveevenmorevideos,0.0,Neutral
imspendingtimewithmygrandmaearlytomorrowandicantleaveskittlesbyherself,0.0,Neutral
justgothomefromwatchingMichiganStategettromped,0.0,Neutral
OhjewbusTwoyearsworthofclassesworkisALOTtoorganizegtltimnotfinishingtonightitsnotpossiblemybonesache,0.0,Neutral
noexchangingformemylaptophasntarrived,0.0,Neutral
ihopethisdoesntlasttoolongifeelmiserable,0.0,Neutral
RACHELhangoutageisneccessaryiwasgonnabehomethiswekendbutdumbfolkmakemeworksoimfreeFandSatuntil4,0.0,Neutral
NotFunampFuriousThenewmantrafortheBay2BreakersItwasgetting2rambunctiousthecityoverreactedampclampeddown,0.0,Neutral
bensonmyhubbyforsomereasonthinksitsmoreimportanthehasagoodspotforredcarpetfortheTrekMoviePremiereSod,0.0,Neutral
IswearnomatterhowlongIvebeengettingupat5amitnevergetsanyeasierManmyeyeshurtswah,0.0,Neutral
StarJeffreeHowdoyoukeepyourhaironecolorMyPERMANENTdyefadeswithintheweek,0.0,Neutral
myreactiontoowhoadidntseethatcoming,0.0,Neutral
stillsickfeelingabitbettergotsomenewmedicinehopeIfeelgoodafteranightofsleepohhanditssupposetosnowWTF,0.0,Neutral
IthinkmaybeyoushouldgetacouplemorehoursofsleephonHowproductivecanyouberightnowifurdogtiredIworry,0.0,Neutral
ThanksalotLearnedalotofnewwordsbutdidntfindwhatIwaslookingfor,0.0,Neutral
WishIhadalltheXBLMdownloadsallonthegamertagHitokyriThis5gamertagthingisnonsenseandImtiredofit,0.0,Neutral
NewTestamentTestat930am,0.0,Neutral
tonsnohayTrollahhhh,0.0,Neutral
stupidmovieswewatchedmirrorsuggggghstooopeeedripoff,0.0,Neutral
IloveyouBuck,0.0,Neutral
lastonebutstillnotdone,0.0,Neutral
IdontunderstandwhythingsgettakenawayIdidnthaveenoughtimewithhimitsunfairIwanthimbackHewaslikemybaby,0.0,Neutral
ScratchthatduinheiftwoinahalfcookiesMytumjustcanttakeanymoreshoogPoots,0.0,Neutral
iwasjustlisteningtothesweetsforthefirsttimeinforeverimissthemsomuchcanwegotochitownforvisitsplz,0.0,Neutral
GeezwhatabusyafternoonMeetingsemailsmeetingsandemailandmoremeetings6pmandthedayisstillgoingAhitsdarkand,0.0,Neutral
DANGANOTHERSPRINGBREAKHOWCOOLISTHATTOOBADIHAVETOWORKALLWEEKOHWELLMOREMONEYFORAPHONEttylEVERBODY,0.0,Neutral
KateImafraidtoourreplyaboutunifromagesago,0.0,Neutral
feelingdown,0.0,Neutral
loltheyaresomeemotionalassmenOmgallthislatenighteatingBothofusarebroke,0.0,Neutral
carterAwwNickIlikeyourhairlongerwhydidyoucutitoffBreakMyHeart,0.0,Neutral
wonderifJonlostthenet,0.0,Neutral
WowThemostdepressingthingintheworldislosingavideothatyouvecreatedinamatterofsecondsFML,0.0,Neutral
Butallsaysnotinstock,0.0,Neutral
lmaoimsorrypoohpotiateitall,0.0,Neutral
AnychanceSoftbellyforisntloud,0.0,Neutral
TimetomovemyposteriorandlosesomefatMyarticulationarecreakingsonomorerunningbutImdroolforsomeswimming,0.0,Neutral
listeningtonathancry,0.0,Neutral
todaysuckedImgonnadiewithoutchrisandcallumwahhh,0.0,Neutral
STOUsitenotupdatenoinfoabout22552examandopencourseImustwaitformailnoticesanddocum,0.0,Neutral
ImsorryImfeelingkindayuckymyself5amisgoingtocometooquick,0.0,Neutral
isinlovewithscrappyandismissinhimalready,0.0,Neutral
wantstohearssongbutmyspaceismessingwithme,0.0,Neutral
BadnewswasDadhascancerandisdyingGoodnewsnewbusinessstartedandIamnowalifecoachpractisingholisticweightmanagement,0.0,Neutral
rebeccaManinterventionissoosad,0.0,Neutral
HELPIneedanewboyfriendImstuckinarut,0.0,Neutral
IfeellikeacompleteidiotImtheonlyonewhodoesntgethowthisshitworkshelpme,0.0,Neutral
SawanadonCraigslistforacastingcallforafemalehostonG4IwastotallypsychedButrealizeditwasahoax,0.0,Neutral
PepperonirollsinLAIcalledValentinostheysaidthattheyhadsausagerollsbutnopepperonirolls,0.0,Neutral
yesitwillbeitsonlyMonday,0.0,Neutral
iwantthenewGGepisodealready,0.0,Neutral
ImisswatchingRockosModernLife,0.0,Neutral
RIPSandraitssosadhowcansomeonedosomethinglikethat,0.0,Neutral
KeepingmyfingerscrossedformybuddyHeisnotfeelingwell,0.0,Neutral
WaitshouldIeatOrbeskinnyforvegasImhungry,0.0,Neutral
InoveraItriedtweetdeckonceandIhateditwithapassionOrithatedmeImnotsure,0.0,Neutral
BTWmyiPhoneisactingfunnydyingquicklyandfreezingandBSImnotadmittinganythingjustsayin,0.0,Neutral
SittingherewonderingwhyquotEDquotstillhassuchastrongholdonme,0.0,Neutral
IMSORRYIGOTYOUSICKlolgoingtobedtooNIGHT,0.0,Neutral
noInternetathomehavetodriveintoOxtouseInternetbecauseofbuilders,0.0,Neutral
BuscemitheweatherinCanadaisfreezing,0.0,Neutral
twiggassssssssIbeenoutofrangealldayImbacknowandhopefullyforgood,0.0,Neutral
anyonewhoreadsthisprayformyGrandmaShesinpain,0.0,Neutral
3wokeupandwashavinganaccidentquotItspushingitspushingquothewascryingbecausehecouldntstopfromwettinghispants,0.0,Neutral
HomefromFranklinstreetIalmostjumpedoverafireSomeonekickeditbeforeIcouldJennylosthershoe,0.0,Neutral
heyyoujustchangedyourdefault,0.0,Neutral
FinallygaveinandwasboredenoughtostartthisthingIthinkthe140isgoingtobeaproblemformethoitslikeamyspacestatus,0.0,Neutral
IfoooonlywewerereallysoluckyehAndawhDefinitelytooearlyforwork,0.0,Neutral
buttloadofhomework,0.0,Neutral
needsanothercopyofvisualstudio2008,0.0,Neutral
whytowetheonlyschoolintheworldbeinthisweekMyschoolissillyanywaylookonthebrightsideWhenimoffuwillbein,0.0,Neutral
omgiveaneconomicstestandidontknowallthethingsihavetoknowandomgimgonnafail,0.0,Neutral
OnceuponatimeHundredIslandswastheprideofPhilippinetourismbutcoralclamrarefishpoachingdiditinKindasad,0.0,Neutral
yeahapparentlyihavereallybadtaste,0.0,Neutral
IKNOWIwasreallysurprisedsinceeveryonerecommendsthemonyoutubeIhavetocallthemtomorrowandfigureitallout,0.0,Neutral
WaitingattheairportformyridewhileIgetharassedby2mentryingtosellmeuglyhatsWhymeIjustwanttosleep,0.0,Neutral
ileftmyIDsatthelocationandnowicannotgoouttobarsFUCKKKKKKKKKKKKK,0.0,Neutral
imsorryIdontunderstandyourlastcomment,0.0,Neutral
whenistheannouncementistayeduplatelastnight,0.0,Neutral
thisisstrangeillegaltorrentsavlbleverywherelegalDVDnotinstockWhatdoIdonow,0.0,Neutral
ITSNOTENOUGHTOSAYTHATIMISSU,0.0,Neutral
ThistrolleyhasuppackedinlikesardinesPadregameandtheyREMOVEacarGoodcallMTS,0.0,Neutral
JeezIwasjusttryingtohelpHaha,0.0,Neutral
thathappenedtomesaturdaynightalongwithmyglitterygreenlighter,0.0,Neutral
tryingtoreducethenumberofcigarettesineachday,0.0,Neutral
yeaitissoquietaroundherecuzeveryonehastoworkimboredtodeathwithnobodytotalkto,0.0,Neutral
gottadomycookingassignmentitstoohard,0.0,Neutral
okayabouttheapplepearsIvetalkedtoafewpeopleandtheyveALLhadthembeforeNooneevertoldmenever,0.0,Neutral
IknowImanightowlbynaturehahahaAmIatimezonebehindyouItsalmost1here,0.0,Neutral
lolnopebutididhavecompletecamerafail,0.0,Neutral
ButImuselessifIdontsleepItsnotfairIwantallthefunaswell,0.0,Neutral
MyPookiehasaUTIIhavetobeNurseGabbieandgethimbackto100Nomoresodas,0.0,Neutral
tweetsomethingdamnitandhangoutwithmeplease,0.0,Neutral
ImSObehindinvideogamesandeverythingforthatmatterImyesterdaysnews,0.0,Neutral
tilnoonIdiditwastheonlyoneleftbutIgottemptedandateitsoonasIgothomeIhadachocolatevelvetampatedmocha,0.0,Neutral
IsstressingoutbecausemyblackberrykeepsflashingaredalertstatusfornoreasonItsfakingmeoutandIhateit,0.0,Neutral
IwannawearmyDocMartensoutHaventwornthemsinceDecember,0.0,Neutral
WhentotheshoerepairshopandtheguycouldnotfindmyshoesSoIhavetogobackandseeifhecanfindtheminacoupledays,0.0,Neutral
BarnettIdidnotreallyseethatcoming,0.0,Neutral
justwokeupfromthemostvividsketchynotcooldreamsofmylifetimetostareatthewallwiththelightson,0.0,Neutral
itlltake3daysformysistertogetherpassport,0.0,Neutral
OHMYYESimiss,0.0,Neutral
UhohIthinkIamgettingsick,0.0,Neutral
GoodGODtheyruinedmybellybutton,0.0,Neutral
WatchingWhoFramedRogerRabbitMakesmemissToonTown,0.0,Neutral
rentingbutverycheaprentingandawesomehouseWehad3buyingattemptsfallthrough,0.0,Neutral
runningnosespinningheadnotagoodcombinationforameeting,0.0,Neutral
NEGATIVEyoulostmyvoteofconfidence,0.0,Neutral
NastybudgetdueandmyiphoneisbeingsenttoAppletoday,0.0,Neutral
Noelthatsbad,0.0,Neutral
Dammitepisode3ofKingswontplayforsomereasonstoppedinthemiddlenowwontdoanything,0.0,Neutral
ImsoupsetthatImissedmychatandquizonlinebecausemyfreeinternethasceased,0.0,Neutral
cantbelieveitImindisbeliefofitallinawayreallyHowmuchcanItakefrompeopleandalwaysgethurtbyothers,0.0,Neutral
Carshowseasonhasstartedwithoutme,0.0,Neutral
mythroatisraw,0.0,Neutral
IjustdontgetitWhatinapersonsmindcouldevenhavethemonsomeishlikethisMyprayersarewithherfamforreal,0.0,Neutral
IhateyouIdidntneedtoseethatIneedtocallmytherapistnow,0.0,Neutral
Twilightdidntcomeyesterdayfingerscrossedfortoday,0.0,Neutral
gladIwasablehelpyoufeelbetterIhatetoseeyousickLoveyou,0.0,Neutral
istiredddddddwanttosleepbutihaveanassignmenttofinishandanexamtomorrowtostudyfor,0.0,Neutral
YouknowIwasthinkingIneedmoney,0.0,Neutral
omgitsjstteusday,0.0,Neutral
Henrieummmmmicantfindit,0.0,Neutral
JustheardthattheyfoundSandraCantuShewasonly8yrsold,0.0,Neutral
IveforgottenhowtosnoosnooIwonderifsnoosnooandIwillevermeetagain,0.0,Neutral
wowthatlasttweetmademeseemlikeagiantsexistsorryaboutthat,0.0,Neutral
Mybathtubdrainisfiredithaz1job2doampitizFAILIgotallDranoonitsassampizSTILLNOTDRAININGIwannashowerdangit,0.0,Neutral
stuckathome,0.0,Neutral
mineis110howdoyougetitup,0.0,Neutral
DucklinginfamouschildrensbookstolenfromBostonsPublicGardenTheBostonGlobeviaOHNO,0.0,Neutral
NewsThankyouHoweverIhatetobeonthesamelistthatincludes2convicts,0.0,Neutral
HeadingtoAltrinchamagainOutofhoursinstall,0.0,Neutral
MORNINGGoodimbloodyknackeredWorkisnotformetodayHELPPPxxx,0.0,Neutral
IdonthaveagarageButyoucanparkinmydriveway,0.0,Neutral
Whathappened,0.0,Neutral
quotOnpopularmusicquotbyTWAdornoisprobablythemostdifficultreadingeverprescribedImactuallystrugglingtocontinue,0.0,Neutral
cantseetheflowersfallingidonthaveacamerajustmycellphone,0.0,Neutral
WevebeengoodImnotlikingthesnowrightnowwasgettingusedtotheniceSpringlikeweatherHowaboutyou,0.0,Neutral
armstrongWhatapityYouTubeiscurrentlyblockedinChinaIcantseethevids,0.0,Neutral
whathappenedtoyourshowitwasthehightlightofmylife,0.0,Neutral
ThisisthebestleathersofaintheworldItsintheofficethoughwhichmeansImstillhereworking,0.0,Neutral
Still3moredaysuntilmyInternetgetsuncapped,0.0,Neutral
Ifhedoesntgetbetterinafewdayshecouldhavesomethinglodgedinhisbelly,0.0,Neutral
iLovemyatekinzzsomuchampampisoomissher,0.0,Neutral
Iwannasneakintothezooandplaywiththekitties,0.0,Neutral
ohnohopeyourenotgettingsicktoo,0.0,Neutral
idontthinkicancauseitsmycousinsbirthdayparty,0.0,Neutral
OursweetlittlemanjustfellasleepwhilewaitingupfordaddyandbigbrothertogethomePoorbabyhemissedthemsomuchtoday,0.0,Neutral
theangelisgoingtomisstheathletethisweekend,0.0,Neutral
trustishard,0.0,Neutral
havewatchedthatconsideringtodayyaknowshawnnatomomorrowineedmybestfriend,0.0,Neutral
Grriwanttokeepreadingbutifidoiwonthaveanythinglefttoread,0.0,Neutral
atekinzzwhereintheworldareyou,0.0,Neutral
Nousupposedtobemydate,0.0,Neutral
pearsampBriebottleofCabernetandquotWinaDateWithTadHamiltonquotohgawwdmylifeflashedforwardtowhenIm40withmy75cats,0.0,Neutral
CrapIneedmoredressestoo,0.0,Neutral
yeahiknowitwashorribleughsaddening,0.0,Neutral
geezurnofunareyou,0.0,Neutral
Iwannabeinapunkrockbandagain,0.0,Neutral
ThatsalotofangstforaTuesdayafternoon,0.0,Neutral
ImverygladBritneyisntcrazyanymoreThatwasonehellofashowNowImsadthatitsoverNextupAPatCookCounty,0.0,Neutral
hasahuuugeheadacheomgIfeellikecrap,0.0,Neutral
